Name,Hits,Prediction
Mutant_D2A,0,homing
Mutant_D2C,0,homing
Mutant_D2E,0,homing
Mutant_D2F,0,homing
Mutant_D2G,0,homing
Mutant_D2H,0,homing
Mutant_D2I,0,homing
Mutant_D2K,0,homing
Mutant_D2L,0,homing
Mutant_D2M,0,homing
Mutant_D2N,0,homing
Mutant_D2P,0,homing
Mutant_D2Q,1,non-homing
Mutant_D2R,0,homing
Mutant_D2S,0,homing
Mutant_D2T,0,homing
Mutant_D2V,0,homing
Mutant_D2W,0,homing
Mutant_D2Y,1,non-homing
Mutant_F7A,0,homing
Mutant_F7C,0,homing
Mutant_F7D,0,homing
Mutant_F7E,0,homing
Mutant_F7G,0,homing
Mutant_F7H,0,homing
Mutant_F7I,0,homing
Mutant_F7K,0,homing
Mutant_F7L,0,homing
Mutant_F7M,0,homing
Mutant_F7N,0,homing
Mutant_F7P,0,homing
Mutant_F7Q,0,homing
Mutant_F7R,0,homing
Mutant_F7S,0,homing
Mutant_F7T,0,homing
Mutant_F7V,0,homing
Mutant_F7W,0,homing
Mutant_F7Y,0,homing
Mutant_G3A,0,homing
Mutant_G3C,0,homing
Mutant_G3D,0,homing
Mutant_G3E,0,homing
Mutant_G3F,0,homing
Mutant_G3H,0,homing
Mutant_G3I,0,homing
Mutant_G3K,0,homing
Mutant_G3L,0,homing
Mutant_G3M,0,homing
Mutant_G3N,0,homing
Mutant_G3P,0,homing
Mutant_G3Q,0,homing
Mutant_G3R,0,homing
Mutant_G3S,0,homing
Mutant_G3T,0,homing
Mutant_G3V,0,homing
Mutant_G3W,0,homing
Mutant_G3Y,0,homing
Mutant_G6A,0,homing
Mutant_G6C,0,homing
Mutant_G6D,0,homing
Mutant_G6E,0,homing
Mutant_G6F,0,homing
Mutant_G6H,0,homing
Mutant_G6I,0,homing
Mutant_G6K,0,homing
Mutant_G6L,0,homing
Mutant_G6M,0,homing
Mutant_G6N,0,homing
Mutant_G6P,0,homing
Mutant_G6Q,0,homing
Mutant_G6R,0,homing
Mutant_G6S,0,homing
Mutant_G6T,0,homing
Mutant_G6V,0,homing
Mutant_G6W,0,homing
Mutant_G6Y,0,homing
Mutant_I5A,0,homing
Mutant_I5C,0,homing
Mutant_I5D,0,homing
Mutant_I5E,0,homing
Mutant_I5F,0,homing
Mutant_I5G,0,homing
Mutant_I5H,0,homing
Mutant_I5K,0,homing
Mutant_I5L,0,homing
Mutant_I5M,0,homing
Mutant_I5N,0,homing
Mutant_I5P,0,homing
Mutant_I5Q,0,homing
Mutant_I5R,0,homing
Mutant_I5S,0,homing
Mutant_I5T,0,homing
Mutant_I5V,0,homing
Mutant_I5W,0,homing
Mutant_I5Y,0,homing
Mutant_Q1A,0,homing
Mutant_Q1C,0,homing
Mutant_Q1D,0,homing
Mutant_Q1E,0,homing
Mutant_Q1F,0,homing
Mutant_Q1G,0,homing
Mutant_Q1H,0,homing
Mutant_Q1I,0,homing
Mutant_Q1K,0,homing
Mutant_Q1L,0,homing
Mutant_Q1M,0,homing
Mutant_Q1N,0,homing
Mutant_Q1P,0,homing
Mutant_Q1R,0,homing
Mutant_Q1S,0,homing
Mutant_Q1T,0,homing
Mutant_Q1V,0,homing
Mutant_Q1W,0,homing
Mutant_Q1Y,0,homing
Mutant_R4A,0,homing
Mutant_R4C,0,homing
Mutant_R4D,0,homing
Mutant_R4E,0,homing
Mutant_R4F,1,non-homing
Mutant_R4G,0,homing
Mutant_R4H,0,homing
Mutant_R4I,0,homing
Mutant_R4K,0,homing
Mutant_R4L,0,homing
Mutant_R4M,0,homing
Mutant_R4N,0,homing
Mutant_R4P,0,homing
Mutant_R4Q,0,homing
Mutant_R4S,0,homing
Mutant_R4T,0,homing
Mutant_R4V,0,homing
Mutant_R4W,0,homing
Mutant_R4Y,0,homing
Original_Seq1,0,homing
