homing_ts1,Original_Seq1,QDGRIGF
homing_ts1,Mutant_Q1A,ADGRIGF
homing_ts1,Mutant_Q1C,CDGRIGF
homing_ts1,Mutant_Q1D,DDGRIGF
homing_ts1,Mutant_Q1E,EDGRIGF
homing_ts1,Mutant_Q1F,FDGRIGF
homing_ts1,Mutant_Q1G,GDGRIGF
homing_ts1,Mutant_Q1H,HDGRIGF
homing_ts1,Mutant_Q1I,IDGRIGF
homing_ts1,Mutant_Q1K,KDGRIGF
homing_ts1,Mutant_Q1L,LDGRIGF
homing_ts1,Mutant_Q1M,MDGRIGF
homing_ts1,Mutant_Q1N,NDGRIGF
homing_ts1,Mutant_Q1P,PDGRIGF
homing_ts1,Mutant_Q1R,RDGRIGF
homing_ts1,Mutant_Q1S,SDGRIGF
homing_ts1,Mutant_Q1T,TDGRIGF
homing_ts1,Mutant_Q1V,VDGRIGF
homing_ts1,Mutant_Q1W,WDGRIGF
homing_ts1,Mutant_Q1Y,YDGRIGF
homing_ts1,Mutant_D2A,QAGRIGF
homing_ts1,Mutant_D2C,QCGRIGF
homing_ts1,Mutant_D2E,QEGRIGF
homing_ts1,Mutant_D2F,QFGRIGF
homing_ts1,Mutant_D2G,QGGRIGF
homing_ts1,Mutant_D2H,QHGRIGF
homing_ts1,Mutant_D2I,QIGRIGF
homing_ts1,Mutant_D2K,QKGRIGF
homing_ts1,Mutant_D2L,QLGRIGF
homing_ts1,Mutant_D2M,QMGRIGF
homing_ts1,Mutant_D2N,QNGRIGF
homing_ts1,Mutant_D2P,QPGRIGF
homing_ts1,Mutant_D2Q,QQGRIGF
homing_ts1,Mutant_D2R,QRGRIGF
homing_ts1,Mutant_D2S,QSGRIGF
homing_ts1,Mutant_D2T,QTGRIGF
homing_ts1,Mutant_D2V,QVGRIGF
homing_ts1,Mutant_D2W,QWGRIGF
homing_ts1,Mutant_D2Y,QYGRIGF
homing_ts1,Mutant_G3A,QDARIGF
homing_ts1,Mutant_G3C,QDCRIGF
homing_ts1,Mutant_G3D,QDDRIGF
homing_ts1,Mutant_G3E,QDERIGF
homing_ts1,Mutant_G3F,QDFRIGF
homing_ts1,Mutant_G3H,QDHRIGF
homing_ts1,Mutant_G3I,QDIRIGF
homing_ts1,Mutant_G3K,QDKRIGF
homing_ts1,Mutant_G3L,QDLRIGF
homing_ts1,Mutant_G3M,QDMRIGF
homing_ts1,Mutant_G3N,QDNRIGF
homing_ts1,Mutant_G3P,QDPRIGF
homing_ts1,Mutant_G3Q,QDQRIGF
homing_ts1,Mutant_G3R,QDRRIGF
homing_ts1,Mutant_G3S,QDSRIGF
homing_ts1,Mutant_G3T,QDTRIGF
homing_ts1,Mutant_G3V,QDVRIGF
homing_ts1,Mutant_G3W,QDWRIGF
homing_ts1,Mutant_G3Y,QDYRIGF
homing_ts1,Mutant_R4A,QDGAIGF
homing_ts1,Mutant_R4C,QDGCIGF
homing_ts1,Mutant_R4D,QDGDIGF
homing_ts1,Mutant_R4E,QDGEIGF
homing_ts1,Mutant_R4F,QDGFIGF
homing_ts1,Mutant_R4G,QDGGIGF
homing_ts1,Mutant_R4H,QDGHIGF
homing_ts1,Mutant_R4I,QDGIIGF
homing_ts1,Mutant_R4K,QDGKIGF
homing_ts1,Mutant_R4L,QDGLIGF
homing_ts1,Mutant_R4M,QDGMIGF
homing_ts1,Mutant_R4N,QDGNIGF
homing_ts1,Mutant_R4P,QDGPIGF
homing_ts1,Mutant_R4Q,QDGQIGF
homing_ts1,Mutant_R4S,QDGSIGF
homing_ts1,Mutant_R4T,QDGTIGF
homing_ts1,Mutant_R4V,QDGVIGF
homing_ts1,Mutant_R4W,QDGWIGF
homing_ts1,Mutant_R4Y,QDGYIGF
homing_ts1,Mutant_I5A,QDGRAGF
homing_ts1,Mutant_I5C,QDGRCGF
homing_ts1,Mutant_I5D,QDGRDGF
homing_ts1,Mutant_I5E,QDGREGF
homing_ts1,Mutant_I5F,QDGRFGF
homing_ts1,Mutant_I5G,QDGRGGF
homing_ts1,Mutant_I5H,QDGRHGF
homing_ts1,Mutant_I5K,QDGRKGF
homing_ts1,Mutant_I5L,QDGRLGF
homing_ts1,Mutant_I5M,QDGRMGF
homing_ts1,Mutant_I5N,QDGRNGF
homing_ts1,Mutant_I5P,QDGRPGF
homing_ts1,Mutant_I5Q,QDGRQGF
homing_ts1,Mutant_I5R,QDGRRGF
homing_ts1,Mutant_I5S,QDGRSGF
homing_ts1,Mutant_I5T,QDGRTGF
homing_ts1,Mutant_I5V,QDGRVGF
homing_ts1,Mutant_I5W,QDGRWGF
homing_ts1,Mutant_I5Y,QDGRYGF
homing_ts1,Mutant_G6A,QDGRIAF
homing_ts1,Mutant_G6C,QDGRICF
homing_ts1,Mutant_G6D,QDGRIDF
homing_ts1,Mutant_G6E,QDGRIEF
homing_ts1,Mutant_G6F,QDGRIFF
homing_ts1,Mutant_G6H,QDGRIHF
homing_ts1,Mutant_G6I,QDGRIIF
homing_ts1,Mutant_G6K,QDGRIKF
homing_ts1,Mutant_G6L,QDGRILF
homing_ts1,Mutant_G6M,QDGRIMF
homing_ts1,Mutant_G6N,QDGRINF
homing_ts1,Mutant_G6P,QDGRIPF
homing_ts1,Mutant_G6Q,QDGRIQF
homing_ts1,Mutant_G6R,QDGRIRF
homing_ts1,Mutant_G6S,QDGRISF
homing_ts1,Mutant_G6T,QDGRITF
homing_ts1,Mutant_G6V,QDGRIVF
homing_ts1,Mutant_G6W,QDGRIWF
homing_ts1,Mutant_G6Y,QDGRIYF
homing_ts1,Mutant_F7A,QDGRIGA
homing_ts1,Mutant_F7C,QDGRIGC
homing_ts1,Mutant_F7D,QDGRIGD
homing_ts1,Mutant_F7E,QDGRIGE
homing_ts1,Mutant_F7G,QDGRIGG
homing_ts1,Mutant_F7H,QDGRIGH
homing_ts1,Mutant_F7I,QDGRIGI
homing_ts1,Mutant_F7K,QDGRIGK
homing_ts1,Mutant_F7L,QDGRIGL
homing_ts1,Mutant_F7M,QDGRIGM
homing_ts1,Mutant_F7N,QDGRIGN
homing_ts1,Mutant_F7P,QDGRIGP
homing_ts1,Mutant_F7Q,QDGRIGQ
homing_ts1,Mutant_F7R,QDGRIGR
homing_ts1,Mutant_F7S,QDGRIGS
homing_ts1,Mutant_F7T,QDGRIGT
homing_ts1,Mutant_F7V,QDGRIGV
homing_ts1,Mutant_F7W,QDGRIGW
homing_ts1,Mutant_F7Y,QDGRIGY
homing_ts2,Original_Seq2,CLDWGRIC
homing_ts2,Mutant_C1A,ALDWGRIC
homing_ts2,Mutant_C1D,DLDWGRIC
homing_ts2,Mutant_C1E,ELDWGRIC
homing_ts2,Mutant_C1F,FLDWGRIC
homing_ts2,Mutant_C1G,GLDWGRIC
homing_ts2,Mutant_C1H,HLDWGRIC
homing_ts2,Mutant_C1I,ILDWGRIC
homing_ts2,Mutant_C1K,KLDWGRIC
homing_ts2,Mutant_C1L,LLDWGRIC
homing_ts2,Mutant_C1M,MLDWGRIC
homing_ts2,Mutant_C1N,NLDWGRIC
homing_ts2,Mutant_C1P,PLDWGRIC
homing_ts2,Mutant_C1Q,QLDWGRIC
homing_ts2,Mutant_C1R,RLDWGRIC
homing_ts2,Mutant_C1S,SLDWGRIC
homing_ts2,Mutant_C1T,TLDWGRIC
homing_ts2,Mutant_C1V,VLDWGRIC
homing_ts2,Mutant_C1W,WLDWGRIC
homing_ts2,Mutant_C1Y,YLDWGRIC
homing_ts2,Mutant_L2A,CADWGRIC
homing_ts2,Mutant_L2C,CCDWGRIC
homing_ts2,Mutant_L2D,CDDWGRIC
homing_ts2,Mutant_L2E,CEDWGRIC
homing_ts2,Mutant_L2F,CFDWGRIC
homing_ts2,Mutant_L2G,CGDWGRIC
homing_ts2,Mutant_L2H,CHDWGRIC
homing_ts2,Mutant_L2I,CIDWGRIC
homing_ts2,Mutant_L2K,CKDWGRIC
homing_ts2,Mutant_L2M,CMDWGRIC
homing_ts2,Mutant_L2N,CNDWGRIC
homing_ts2,Mutant_L2P,CPDWGRIC
homing_ts2,Mutant_L2Q,CQDWGRIC
homing_ts2,Mutant_L2R,CRDWGRIC
homing_ts2,Mutant_L2S,CSDWGRIC
homing_ts2,Mutant_L2T,CTDWGRIC
homing_ts2,Mutant_L2V,CVDWGRIC
homing_ts2,Mutant_L2W,CWDWGRIC
homing_ts2,Mutant_L2Y,CYDWGRIC
homing_ts2,Mutant_D3A,CLAWGRIC
homing_ts2,Mutant_D3C,CLCWGRIC
homing_ts2,Mutant_D3E,CLEWGRIC
homing_ts2,Mutant_D3F,CLFWGRIC
homing_ts2,Mutant_D3G,CLGWGRIC
homing_ts2,Mutant_D3H,CLHWGRIC
homing_ts2,Mutant_D3I,CLIWGRIC
homing_ts2,Mutant_D3K,CLKWGRIC
homing_ts2,Mutant_D3L,CLLWGRIC
homing_ts2,Mutant_D3M,CLMWGRIC
homing_ts2,Mutant_D3N,CLNWGRIC
homing_ts2,Mutant_D3P,CLPWGRIC
homing_ts2,Mutant_D3Q,CLQWGRIC
homing_ts2,Mutant_D3R,CLRWGRIC
homing_ts2,Mutant_D3S,CLSWGRIC
homing_ts2,Mutant_D3T,CLTWGRIC
homing_ts2,Mutant_D3V,CLVWGRIC
homing_ts2,Mutant_D3W,CLWWGRIC
homing_ts2,Mutant_D3Y,CLYWGRIC
homing_ts2,Mutant_W4A,CLDAGRIC
homing_ts2,Mutant_W4C,CLDCGRIC
homing_ts2,Mutant_W4D,CLDDGRIC
homing_ts2,Mutant_W4E,CLDEGRIC
homing_ts2,Mutant_W4F,CLDFGRIC
homing_ts2,Mutant_W4G,CLDGGRIC
homing_ts2,Mutant_W4H,CLDHGRIC
homing_ts2,Mutant_W4I,CLDIGRIC
homing_ts2,Mutant_W4K,CLDKGRIC
homing_ts2,Mutant_W4L,CLDLGRIC
homing_ts2,Mutant_W4M,CLDMGRIC
homing_ts2,Mutant_W4N,CLDNGRIC
homing_ts2,Mutant_W4P,CLDPGRIC
homing_ts2,Mutant_W4Q,CLDQGRIC
homing_ts2,Mutant_W4R,CLDRGRIC
homing_ts2,Mutant_W4S,CLDSGRIC
homing_ts2,Mutant_W4T,CLDTGRIC
homing_ts2,Mutant_W4V,CLDVGRIC
homing_ts2,Mutant_W4Y,CLDYGRIC
homing_ts2,Mutant_G5A,CLDWARIC
homing_ts2,Mutant_G5C,CLDWCRIC
homing_ts2,Mutant_G5D,CLDWDRIC
homing_ts2,Mutant_G5E,CLDWERIC
homing_ts2,Mutant_G5F,CLDWFRIC
homing_ts2,Mutant_G5H,CLDWHRIC
homing_ts2,Mutant_G5I,CLDWIRIC
homing_ts2,Mutant_G5K,CLDWKRIC
homing_ts2,Mutant_G5L,CLDWLRIC
homing_ts2,Mutant_G5M,CLDWMRIC
homing_ts2,Mutant_G5N,CLDWNRIC
homing_ts2,Mutant_G5P,CLDWPRIC
homing_ts2,Mutant_G5Q,CLDWQRIC
homing_ts2,Mutant_G5R,CLDWRRIC
homing_ts2,Mutant_G5S,CLDWSRIC
homing_ts2,Mutant_G5T,CLDWTRIC
homing_ts2,Mutant_G5V,CLDWVRIC
homing_ts2,Mutant_G5W,CLDWWRIC
homing_ts2,Mutant_G5Y,CLDWYRIC
homing_ts2,Mutant_R6A,CLDWGAIC
homing_ts2,Mutant_R6C,CLDWGCIC
homing_ts2,Mutant_R6D,CLDWGDIC
homing_ts2,Mutant_R6E,CLDWGEIC
homing_ts2,Mutant_R6F,CLDWGFIC
homing_ts2,Mutant_R6G,CLDWGGIC
homing_ts2,Mutant_R6H,CLDWGHIC
homing_ts2,Mutant_R6I,CLDWGIIC
homing_ts2,Mutant_R6K,CLDWGKIC
homing_ts2,Mutant_R6L,CLDWGLIC
homing_ts2,Mutant_R6M,CLDWGMIC
homing_ts2,Mutant_R6N,CLDWGNIC
homing_ts2,Mutant_R6P,CLDWGPIC
homing_ts2,Mutant_R6Q,CLDWGQIC
homing_ts2,Mutant_R6S,CLDWGSIC
homing_ts2,Mutant_R6T,CLDWGTIC
homing_ts2,Mutant_R6V,CLDWGVIC
homing_ts2,Mutant_R6W,CLDWGWIC
homing_ts2,Mutant_R6Y,CLDWGYIC
homing_ts2,Mutant_I7A,CLDWGRAC
homing_ts2,Mutant_I7C,CLDWGRCC
homing_ts2,Mutant_I7D,CLDWGRDC
homing_ts2,Mutant_I7E,CLDWGREC
homing_ts2,Mutant_I7F,CLDWGRFC
homing_ts2,Mutant_I7G,CLDWGRGC
homing_ts2,Mutant_I7H,CLDWGRHC
homing_ts2,Mutant_I7K,CLDWGRKC
homing_ts2,Mutant_I7L,CLDWGRLC
homing_ts2,Mutant_I7M,CLDWGRMC
homing_ts2,Mutant_I7N,CLDWGRNC
homing_ts2,Mutant_I7P,CLDWGRPC
homing_ts2,Mutant_I7Q,CLDWGRQC
homing_ts2,Mutant_I7R,CLDWGRRC
homing_ts2,Mutant_I7S,CLDWGRSC
homing_ts2,Mutant_I7T,CLDWGRTC
homing_ts2,Mutant_I7V,CLDWGRVC
homing_ts2,Mutant_I7W,CLDWGRWC
homing_ts2,Mutant_I7Y,CLDWGRYC
homing_ts2,Mutant_C8A,CLDWGRIA
homing_ts2,Mutant_C8D,CLDWGRID
homing_ts2,Mutant_C8E,CLDWGRIE
homing_ts2,Mutant_C8F,CLDWGRIF
homing_ts2,Mutant_C8G,CLDWGRIG
homing_ts2,Mutant_C8H,CLDWGRIH
homing_ts2,Mutant_C8I,CLDWGRII
homing_ts2,Mutant_C8K,CLDWGRIK
homing_ts2,Mutant_C8L,CLDWGRIL
homing_ts2,Mutant_C8M,CLDWGRIM
homing_ts2,Mutant_C8N,CLDWGRIN
homing_ts2,Mutant_C8P,CLDWGRIP
homing_ts2,Mutant_C8Q,CLDWGRIQ
homing_ts2,Mutant_C8R,CLDWGRIR
homing_ts2,Mutant_C8S,CLDWGRIS
homing_ts2,Mutant_C8T,CLDWGRIT
homing_ts2,Mutant_C8V,CLDWGRIV
homing_ts2,Mutant_C8W,CLDWGRIW
homing_ts2,Mutant_C8Y,CLDWGRIY
nonhoming_ts1,Original_Seq3,SEREAIEVF
nonhoming_ts1,Mutant_S1A,AEREAIEVF
nonhoming_ts1,Mutant_S1C,CEREAIEVF
nonhoming_ts1,Mutant_S1D,DEREAIEVF
nonhoming_ts1,Mutant_S1E,EEREAIEVF
nonhoming_ts1,Mutant_S1F,FEREAIEVF
nonhoming_ts1,Mutant_S1G,GEREAIEVF
nonhoming_ts1,Mutant_S1H,HEREAIEVF
nonhoming_ts1,Mutant_S1I,IEREAIEVF
nonhoming_ts1,Mutant_S1K,KEREAIEVF
nonhoming_ts1,Mutant_S1L,LEREAIEVF
nonhoming_ts1,Mutant_S1M,MEREAIEVF
nonhoming_ts1,Mutant_S1N,NEREAIEVF
nonhoming_ts1,Mutant_S1P,PEREAIEVF
nonhoming_ts1,Mutant_S1Q,QEREAIEVF
nonhoming_ts1,Mutant_S1R,REREAIEVF
nonhoming_ts1,Mutant_S1T,TEREAIEVF
nonhoming_ts1,Mutant_S1V,VEREAIEVF
nonhoming_ts1,Mutant_S1W,WEREAIEVF
nonhoming_ts1,Mutant_S1Y,YEREAIEVF
nonhoming_ts1,Mutant_E2A,SAREAIEVF
nonhoming_ts1,Mutant_E2C,SCREAIEVF
nonhoming_ts1,Mutant_E2D,SDREAIEVF
nonhoming_ts1,Mutant_E2F,SFREAIEVF
nonhoming_ts1,Mutant_E2G,SGREAIEVF
nonhoming_ts1,Mutant_E2H,SHREAIEVF
nonhoming_ts1,Mutant_E2I,SIREAIEVF
nonhoming_ts1,Mutant_E2K,SKREAIEVF
nonhoming_ts1,Mutant_E2L,SLREAIEVF
nonhoming_ts1,Mutant_E2M,SMREAIEVF
nonhoming_ts1,Mutant_E2N,SNREAIEVF
nonhoming_ts1,Mutant_E2P,SPREAIEVF
nonhoming_ts1,Mutant_E2Q,SQREAIEVF
nonhoming_ts1,Mutant_E2R,SRREAIEVF
nonhoming_ts1,Mutant_E2S,SSREAIEVF
nonhoming_ts1,Mutant_E2T,STREAIEVF
nonhoming_ts1,Mutant_E2V,SVREAIEVF
nonhoming_ts1,Mutant_E2W,SWREAIEVF
nonhoming_ts1,Mutant_E2Y,SYREAIEVF
nonhoming_ts1,Mutant_R3A,SEAEAIEVF
nonhoming_ts1,Mutant_R3C,SECEAIEVF
nonhoming_ts1,Mutant_R3D,SEDEAIEVF
nonhoming_ts1,Mutant_R3E,SEEEAIEVF
nonhoming_ts1,Mutant_R3F,SEFEAIEVF
nonhoming_ts1,Mutant_R3G,SEGEAIEVF
nonhoming_ts1,Mutant_R3H,SEHEAIEVF
nonhoming_ts1,Mutant_R3I,SEIEAIEVF
nonhoming_ts1,Mutant_R3K,SEKEAIEVF
nonhoming_ts1,Mutant_R3L,SELEAIEVF
nonhoming_ts1,Mutant_R3M,SEMEAIEVF
nonhoming_ts1,Mutant_R3N,SENEAIEVF
nonhoming_ts1,Mutant_R3P,SEPEAIEVF
nonhoming_ts1,Mutant_R3Q,SEQEAIEVF
nonhoming_ts1,Mutant_R3S,SESEAIEVF
nonhoming_ts1,Mutant_R3T,SETEAIEVF
nonhoming_ts1,Mutant_R3V,SEVEAIEVF
nonhoming_ts1,Mutant_R3W,SEWEAIEVF
nonhoming_ts1,Mutant_R3Y,SEYEAIEVF
nonhoming_ts1,Mutant_E4A,SERAAIEVF
nonhoming_ts1,Mutant_E4C,SERCAIEVF
nonhoming_ts1,Mutant_E4D,SERDAIEVF
nonhoming_ts1,Mutant_E4F,SERFAIEVF
nonhoming_ts1,Mutant_E4G,SERGAIEVF
nonhoming_ts1,Mutant_E4H,SERHAIEVF
nonhoming_ts1,Mutant_E4I,SERIAIEVF
nonhoming_ts1,Mutant_E4K,SERKAIEVF
nonhoming_ts1,Mutant_E4L,SERLAIEVF
nonhoming_ts1,Mutant_E4M,SERMAIEVF
nonhoming_ts1,Mutant_E4N,SERNAIEVF
nonhoming_ts1,Mutant_E4P,SERPAIEVF
nonhoming_ts1,Mutant_E4Q,SERQAIEVF
nonhoming_ts1,Mutant_E4R,SERRAIEVF
nonhoming_ts1,Mutant_E4S,SERSAIEVF
nonhoming_ts1,Mutant_E4T,SERTAIEVF
nonhoming_ts1,Mutant_E4V,SERVAIEVF
nonhoming_ts1,Mutant_E4W,SERWAIEVF
nonhoming_ts1,Mutant_E4Y,SERYAIEVF
nonhoming_ts1,Mutant_A5C,SERECIEVF
nonhoming_ts1,Mutant_A5D,SEREDIEVF
nonhoming_ts1,Mutant_A5E,SEREEIEVF
nonhoming_ts1,Mutant_A5F,SEREFIEVF
nonhoming_ts1,Mutant_A5G,SEREGIEVF
nonhoming_ts1,Mutant_A5H,SEREHIEVF
nonhoming_ts1,Mutant_A5I,SEREIIEVF
nonhoming_ts1,Mutant_A5K,SEREKIEVF
nonhoming_ts1,Mutant_A5L,SERELIEVF
nonhoming_ts1,Mutant_A5M,SEREMIEVF
nonhoming_ts1,Mutant_A5N,SERENIEVF
nonhoming_ts1,Mutant_A5P,SEREPIEVF
nonhoming_ts1,Mutant_A5Q,SEREQIEVF
nonhoming_ts1,Mutant_A5R,SERERIEVF
nonhoming_ts1,Mutant_A5S,SERESIEVF
nonhoming_ts1,Mutant_A5T,SERETIEVF
nonhoming_ts1,Mutant_A5V,SEREVIEVF
nonhoming_ts1,Mutant_A5W,SEREWIEVF
nonhoming_ts1,Mutant_A5Y,SEREYIEVF
nonhoming_ts1,Mutant_I6A,SEREAAEVF
nonhoming_ts1,Mutant_I6C,SEREACEVF
nonhoming_ts1,Mutant_I6D,SEREADEVF
nonhoming_ts1,Mutant_I6E,SEREAEEVF
nonhoming_ts1,Mutant_I6F,SEREAFEVF
nonhoming_ts1,Mutant_I6G,SEREAGEVF
nonhoming_ts1,Mutant_I6H,SEREAHEVF
nonhoming_ts1,Mutant_I6K,SEREAKEVF
nonhoming_ts1,Mutant_I6L,SEREALEVF
nonhoming_ts1,Mutant_I6M,SEREAMEVF
nonhoming_ts1,Mutant_I6N,SEREANEVF
nonhoming_ts1,Mutant_I6P,SEREAPEVF
nonhoming_ts1,Mutant_I6Q,SEREAQEVF
nonhoming_ts1,Mutant_I6R,SEREAREVF
nonhoming_ts1,Mutant_I6S,SEREASEVF
nonhoming_ts1,Mutant_I6T,SEREATEVF
nonhoming_ts1,Mutant_I6V,SEREAVEVF
nonhoming_ts1,Mutant_I6W,SEREAWEVF
nonhoming_ts1,Mutant_I6Y,SEREAYEVF
nonhoming_ts1,Mutant_E7A,SEREAIAVF
nonhoming_ts1,Mutant_E7C,SEREAICVF
nonhoming_ts1,Mutant_E7D,SEREAIDVF
nonhoming_ts1,Mutant_E7F,SEREAIFVF
nonhoming_ts1,Mutant_E7G,SEREAIGVF
nonhoming_ts1,Mutant_E7H,SEREAIHVF
nonhoming_ts1,Mutant_E7I,SEREAIIVF
nonhoming_ts1,Mutant_E7K,SEREAIKVF
nonhoming_ts1,Mutant_E7L,SEREAILVF
nonhoming_ts1,Mutant_E7M,SEREAIMVF
nonhoming_ts1,Mutant_E7N,SEREAINVF
nonhoming_ts1,Mutant_E7P,SEREAIPVF
nonhoming_ts1,Mutant_E7Q,SEREAIQVF
nonhoming_ts1,Mutant_E7R,SEREAIRVF
nonhoming_ts1,Mutant_E7S,SEREAISVF
nonhoming_ts1,Mutant_E7T,SEREAITVF
nonhoming_ts1,Mutant_E7V,SEREAIVVF
nonhoming_ts1,Mutant_E7W,SEREAIWVF
nonhoming_ts1,Mutant_E7Y,SEREAIYVF
nonhoming_ts1,Mutant_V8A,SEREAIEAF
nonhoming_ts1,Mutant_V8C,SEREAIECF
nonhoming_ts1,Mutant_V8D,SEREAIEDF
nonhoming_ts1,Mutant_V8E,SEREAIEEF
nonhoming_ts1,Mutant_V8F,SEREAIEFF
nonhoming_ts1,Mutant_V8G,SEREAIEGF
nonhoming_ts1,Mutant_V8H,SEREAIEHF
nonhoming_ts1,Mutant_V8I,SEREAIEIF
nonhoming_ts1,Mutant_V8K,SEREAIEKF
nonhoming_ts1,Mutant_V8L,SEREAIELF
nonhoming_ts1,Mutant_V8M,SEREAIEMF
nonhoming_ts1,Mutant_V8N,SEREAIENF
nonhoming_ts1,Mutant_V8P,SEREAIEPF
nonhoming_ts1,Mutant_V8Q,SEREAIEQF
nonhoming_ts1,Mutant_V8R,SEREAIERF
nonhoming_ts1,Mutant_V8S,SEREAIESF
nonhoming_ts1,Mutant_V8T,SEREAIETF
nonhoming_ts1,Mutant_V8W,SEREAIEWF
nonhoming_ts1,Mutant_V8Y,SEREAIEYF
nonhoming_ts1,Mutant_F9A,SEREAIEVA
nonhoming_ts1,Mutant_F9C,SEREAIEVC
nonhoming_ts1,Mutant_F9D,SEREAIEVD
nonhoming_ts1,Mutant_F9E,SEREAIEVE
nonhoming_ts1,Mutant_F9G,SEREAIEVG
nonhoming_ts1,Mutant_F9H,SEREAIEVH
nonhoming_ts1,Mutant_F9I,SEREAIEVI
nonhoming_ts1,Mutant_F9K,SEREAIEVK
nonhoming_ts1,Mutant_F9L,SEREAIEVL
nonhoming_ts1,Mutant_F9M,SEREAIEVM
nonhoming_ts1,Mutant_F9N,SEREAIEVN
nonhoming_ts1,Mutant_F9P,SEREAIEVP
nonhoming_ts1,Mutant_F9Q,SEREAIEVQ
nonhoming_ts1,Mutant_F9R,SEREAIEVR
nonhoming_ts1,Mutant_F9S,SEREAIEVS
nonhoming_ts1,Mutant_F9T,SEREAIEVT
nonhoming_ts1,Mutant_F9V,SEREAIEVV
nonhoming_ts1,Mutant_F9W,SEREAIEVW
nonhoming_ts1,Mutant_F9Y,SEREAIEVY
nonhoming_ts2,Original_Seq4,PRHLR
nonhoming_ts2,Mutant_P1A,ARHLR
nonhoming_ts2,Mutant_P1C,CRHLR
nonhoming_ts2,Mutant_P1D,DRHLR
nonhoming_ts2,Mutant_P1E,ERHLR
nonhoming_ts2,Mutant_P1F,FRHLR
nonhoming_ts2,Mutant_P1G,GRHLR
nonhoming_ts2,Mutant_P1H,HRHLR
nonhoming_ts2,Mutant_P1I,IRHLR
nonhoming_ts2,Mutant_P1K,KRHLR
nonhoming_ts2,Mutant_P1L,LRHLR
nonhoming_ts2,Mutant_P1M,MRHLR
nonhoming_ts2,Mutant_P1N,NRHLR
nonhoming_ts2,Mutant_P1Q,QRHLR
nonhoming_ts2,Mutant_P1R,RRHLR
nonhoming_ts2,Mutant_P1S,SRHLR
nonhoming_ts2,Mutant_P1T,TRHLR
nonhoming_ts2,Mutant_P1V,VRHLR
nonhoming_ts2,Mutant_P1W,WRHLR
nonhoming_ts2,Mutant_P1Y,YRHLR
nonhoming_ts2,Mutant_R2A,PAHLR
nonhoming_ts2,Mutant_R2C,PCHLR
nonhoming_ts2,Mutant_R2D,PDHLR
nonhoming_ts2,Mutant_R2E,PEHLR
nonhoming_ts2,Mutant_R2F,PFHLR
nonhoming_ts2,Mutant_R2G,PGHLR
nonhoming_ts2,Mutant_R2H,PHHLR
nonhoming_ts2,Mutant_R2I,PIHLR
nonhoming_ts2,Mutant_R2K,PKHLR
nonhoming_ts2,Mutant_R2L,PLHLR
nonhoming_ts2,Mutant_R2M,PMHLR
nonhoming_ts2,Mutant_R2N,PNHLR
nonhoming_ts2,Mutant_R2P,PPHLR
nonhoming_ts2,Mutant_R2Q,PQHLR
nonhoming_ts2,Mutant_R2S,PSHLR
nonhoming_ts2,Mutant_R2T,PTHLR
nonhoming_ts2,Mutant_R2V,PVHLR
nonhoming_ts2,Mutant_R2W,PWHLR
nonhoming_ts2,Mutant_R2Y,PYHLR
nonhoming_ts2,Mutant_H3A,PRALR
nonhoming_ts2,Mutant_H3C,PRCLR
nonhoming_ts2,Mutant_H3D,PRDLR
nonhoming_ts2,Mutant_H3E,PRELR
nonhoming_ts2,Mutant_H3F,PRFLR
nonhoming_ts2,Mutant_H3G,PRGLR
nonhoming_ts2,Mutant_H3I,PRILR
nonhoming_ts2,Mutant_H3K,PRKLR
nonhoming_ts2,Mutant_H3L,PRLLR
nonhoming_ts2,Mutant_H3M,PRMLR
nonhoming_ts2,Mutant_H3N,PRNLR
nonhoming_ts2,Mutant_H3P,PRPLR
nonhoming_ts2,Mutant_H3Q,PRQLR
nonhoming_ts2,Mutant_H3R,PRRLR
nonhoming_ts2,Mutant_H3S,PRSLR
nonhoming_ts2,Mutant_H3T,PRTLR
nonhoming_ts2,Mutant_H3V,PRVLR
nonhoming_ts2,Mutant_H3W,PRWLR
nonhoming_ts2,Mutant_H3Y,PRYLR
nonhoming_ts2,Mutant_L4A,PRHAR
nonhoming_ts2,Mutant_L4C,PRHCR
nonhoming_ts2,Mutant_L4D,PRHDR
nonhoming_ts2,Mutant_L4E,PRHER
nonhoming_ts2,Mutant_L4F,PRHFR
nonhoming_ts2,Mutant_L4G,PRHGR
nonhoming_ts2,Mutant_L4H,PRHHR
nonhoming_ts2,Mutant_L4I,PRHIR
nonhoming_ts2,Mutant_L4K,PRHKR
nonhoming_ts2,Mutant_L4M,PRHMR
nonhoming_ts2,Mutant_L4N,PRHNR
nonhoming_ts2,Mutant_L4P,PRHPR
nonhoming_ts2,Mutant_L4Q,PRHQR
nonhoming_ts2,Mutant_L4R,PRHRR
nonhoming_ts2,Mutant_L4S,PRHSR
nonhoming_ts2,Mutant_L4T,PRHTR
nonhoming_ts2,Mutant_L4V,PRHVR
nonhoming_ts2,Mutant_L4W,PRHWR
nonhoming_ts2,Mutant_L4Y,PRHYR
nonhoming_ts2,Mutant_R5A,PRHLA
nonhoming_ts2,Mutant_R5C,PRHLC
nonhoming_ts2,Mutant_R5D,PRHLD
nonhoming_ts2,Mutant_R5E,PRHLE
nonhoming_ts2,Mutant_R5F,PRHLF
nonhoming_ts2,Mutant_R5G,PRHLG
nonhoming_ts2,Mutant_R5H,PRHLH
nonhoming_ts2,Mutant_R5I,PRHLI
nonhoming_ts2,Mutant_R5K,PRHLK
nonhoming_ts2,Mutant_R5L,PRHLL
nonhoming_ts2,Mutant_R5M,PRHLM
nonhoming_ts2,Mutant_R5N,PRHLN
nonhoming_ts2,Mutant_R5P,PRHLP
nonhoming_ts2,Mutant_R5Q,PRHLQ
nonhoming_ts2,Mutant_R5S,PRHLS
nonhoming_ts2,Mutant_R5T,PRHLT
nonhoming_ts2,Mutant_R5V,PRHLV
nonhoming_ts2,Mutant_R5W,PRHLW
nonhoming_ts2,Mutant_R5Y,PRHLY
